{
    "id": "surrogate_timings_freq_dep_sine_3_256",
    "base_dir": "../data/pinn",

    "c": 1,
    "c_phys": 343,
    "___COMMENT_fmax___": "1000Hz*c/343 = 2.9155 for c=1",
    "fmax": 2.9155,

    "__tmax__": "0.5*343 = 171.5 -> Half a second, normalized",
    "tmax": 171.5,
    "xmin": -1,
    "xmax": 1,
    "source_pos": [0.0],
    
    "sigma0": 0.2,
    "rho": 1.2,
    "ppw": 4,
    
    "epochs": 50000,
    "stop_loss_value": 0.0002,

    "do_transfer_learning": false,

    "boundary_type": "IMPEDANCE_FREQ_DEP",
    "data_filename": "freq_dep_1D_1000.00Hz_sigma0.2_c1_d0.10_srcs7.hdf5",
    
    "batch_size": 512,
    "learning_rate": 0.0001,
    "optimizer": "adam",

    "__comment0__": "NN setting for the PDE",
    "activation": "sin",
    "num_layers": 3,
    "num_neurons": 256,

    "__comment1__": "NN setting for the auxillary differential ODE",
    "activation_ade": "tanh",
    "num_layers_ade": 3,
    "num_neurons_ade": 20,

    "impedance_data": {
        "d": 0.1,
        "type": "IMPEDANCE_FREQ_DEP",
        "lambdas": [7.1109025021758407,205.64002739443146],
        "alpha": [6.1969460587749818],
        "beta": [-15.797795759219973],
        "Yinf": 0.76935257750377573,
        "A": [-7.7594660571346719,0.0096108036858666163],
        "B": [-0.016951521199665469],
        "C": [-2.4690553703530442]
      },

    "impedance_data_d002": {
        "xi": 5.83,

        "d": 0.02,
        "lambdas": [7.7876957534421374, 491.05886395770244],
        "alpha": [18.108542631692259],
        "beta": [-63.132947834387785],
        "Yinf": 1.8477654168357929,
        "A": [-0.16474946681065952,-883.10406613436373],
        "B": [32.904161519263468],
        "C": [10.333668639516471]
    },

    "accumulator_factors": [10.26, 261.37, 45.88, 21.99],
    "accumulator_factors_d002": [10,500,250,66.667],

    "ic_points_distr": 0.25,
    "bc_points_distr": 0.45,

    "loss_penalties": {
        "pde":1,
        "ic":20,
        "bc":1,
        "ade":[10,10,10,10]
    },

    "verbose_out": false,
    "show_plots": false
}